{
  "document": {
    "page_count": 2,
    "metadata": {
      "Creator": "Canva",
      "Producer": "Canva",
      "CreationDate": "D:20240116231516+00'00'",
      "ModDate": "D:20240116231516+00'00'",
      "Keywords": "DAD8RwtOgNA,BAD8RyyFX50",
      "Author": "Denny Cheng",
      "Title": "Denny Cheng"
    },
    "title": "Denny Cheng",
    "author": "Denny Cheng",
    "subject": "",
    "creator": "Canva",
    "producer": "Canva"
  },
  "pages": [
    {
      "index": 0,
      "width": 612.0,
      "height": 791.9999937,
      "rotation": 0,
      "margins": {
        "top": 15.487794194174057,
        "bottom": 38.2038214050026,
        "left": 16.33610523932892,
        "right": 27.192443712739646
      }
    },
    {
      "index": 1,
      "width": 612.0,
      "height": 791.9999937,
      "rotation": 0,
      "margins": {
        "top": 31.678254635036524,
        "bottom": 417.81254687218046,
        "left": 27.63792724841965,
        "right": 28.731872599617304
      }
    }
  ],
  "fonts": {
    "detected": [
      "ClearSans-Medium",
      "ClearSans",
      "ClearSans-Bold",
      "TrebuchetMS"
    ],
    "original": [
      "AAAAAA+TrebuchetMS",
      "DAAAAA+ClearSans-Bold",
      "BAAAAA+ClearSans",
      "CAAAAA+ClearSans-Medium"
    ],
    "primary": "ClearSans",
    "sizes": [
      7.898038806914997,
      8.422357185068392,
      8.42235718506845,
      8.43335648061013,
      8.433356480610144,
      9.404999608124967,
      9.892293408210094,
      9.898063363580604,
      11.287499679687471,
      13.19579435513458,
      25.574997434375064
    ],
    "estimated_sizes": {
      "heading": 25.574997434375064,
      "subheading": 13.19579435513458,
      "body": 9.404999608124967,
      "small": 7.898038806914997
    }
  },
  "colors": {
    "detected": [
      "(0.451, 0.451, 0.451)",
      "(0, 0, 0)"
    ],
    "primary": "(0, 0, 0)"
  },
  "spacing": {
    "section": 31.678254635036524,
    "line": 12
  },
  "paragraphs": [],
  "sections": [
    {
      "index": 0,
      "top_margin": 31.678254635036524,
      "spacing": 31.678254635036524
    }
  ],
  "default": {
    "font_name": "Helvetica",
    "font_size": 9.404999608124967,
    "color": "#000000",
    "margins": {
      "top": 0.2151082526968619,
      "bottom": 0.5306086306250362,
      "left": 0.226890350546235,
      "right": 0.3776728293436062
    }
  },
  "text_styles": {
    "heading": [
      "D E N N Y C H E N G",
      "SECURITY & SOFTWARE ENGINEER",
      "CONTACT EDUCATION",
      "TECHNICAL SKILLS",
      "EXPERIENCE"
    ],
    "contact": [
      "Email: DennyTCheng@Gmail.com Masters of Science in Software Engineering"
    ]
  },
  "layout": {
    "columns": 27,
    "sections": [
      {
        "y_position": 31.678254635036524,
        "gap": 31.678254635036524
      }
    ],
    "spacing": {
      "section": 31.678254635036524,
      "line": 12
    },
    "alignment": "right",
    "borders": {
      "style": "solid",
      "color": "#000000",
      "width": 0
    },
    "rectangles": 6
  },
  "borders": {
    "style": "solid",
    "color": "#000000",
    "width": 0
  }
}